Annual Distance (miles/vehicle),2020.0
LDVs,11183.457484242
HDVs,20384.449174434
aircraft,653953.589463
rail,10875.596003253
ships,0.0
motorbikes,0.0
