Annual Distance (miles/vehicle),2020.0
LDVs,11511.548697953
HDVs,19748.151647968
aircraft,695365.884822412
rail,10924.547112757
ships,0.0
motorbikes,0.0
