Annual Distance (miles/vehicle),2020.0
LDVs,12755.098734732
HDVs,9849.275490016
aircraft,715438.252781177
rail,0.0
ships,233.090538295
motorbikes,2514.73451882
