Annual Distance (miles/vehicle),2020.0
LDVs,11511.548697953
HDVs,19357.852805326
aircraft,126789.278287797
rail,10708.636369792
ships,0.0
motorbikes,0.0
