Annual Distance (miles/vehicle),2020.0
LDVs,12818.353641454
HDVs,5547.886026763
aircraft,837475.508743823
rail,0.0
ships,219.039954765
motorbikes,2179.108828328
