Annual Distance (miles/vehicle),2020.0
LDVs,12691.396570672
HDVs,9940.956249988
aircraft,1226323.50486732
rail,0.0
ships,232.132264968
motorbikes,2501.591727937
