Annual Distance (miles/vehicle),2020.0
LDVs,11453.551552888
HDVs,19932.020923682
aircraft,1191917.500843135
rail,11026.404830021
ships,0.0
motorbikes,0.0
