Unit: dimensionless (ratio of electricity demand in this hour to annual demand),Hour0,Hour1,Hour2,Hour3,Hour4,Hour5,Hour6,Hour7,Hour8,Hour9,Hour10,Hour11,Hour12,Hour13,Hour14,Hour15,Hour16,Hour17,Hour18,Hour19,Hour20,Hour21,Hour22,Hour23
Winter,0.0,0.0,0.0,0.0,0.0,0.0,0.0,0.0,0.0,0.0,0.0,0.0,0.0,0.0,0.0,0.0,0.0,0.0,0.0,0.0,0.0,0.0,0.0,0.0
Spring,0.0,0.0,0.0,0.0,0.0,0.0,0.0,0.0,0.0,0.0,0.0,0.0,0.0,0.0,0.0,0.0,0.0,0.0,0.0,0.0,0.0,0.0,0.0,0.0
Summer,0.2111942888304992,0.2111942888304992,0.2111942888304992,0.2111942888304992,0.2111942888304992,0.2111942888304992,0.2111942888304992,0.2111942888304992,0.2111942888304992,0.2111942888304992,0.22703386049278668,0.27717019483416794,0.30490555748351594,0.3608670864111843,0.393450994001289,0.4078503792573496,0.43707798324326996,0.490087253978484,0.5023697387338257,0.484395914927371,0.4339943483218482,0.40793465866838535,0.2994075653165436,0.2370581527936146
Fall,0.015926126698693387,0.015926126698693387,0.015926126698693387,0.015926126698693387,0.015926126698693387,0.015926126698693387,0.015926126698693387,0.015926126698693387,0.015926126698693387,0.015926126698693387,0.015926126698693387,0.015926126698693387,0.015926126698693387,0.015926126698693387,0.015926126698693387,0.021234835598257847,0.021234835598257847,0.025212628745537136,0.023777034226218293,0.0172346112866142,0.01634110323943399,0.015926126698693387,0.015926126698693387,0.015926126698693387
Summer Peak,0.3238312428734322,0.3238312428734322,0.3238312428734322,0.3238312428734322,0.3238312428734322,0.3238312428734322,0.3238312428734322,0.3238312428734322,0.3238312428734322,0.3238312428734322,0.3238312428734322,0.3238312428734322,0.3238312428734322,0.3238312428734322,0.3238312428734322,0.3238312428734322,0.3238312428734322,0.8095781071835804,0.8095781071835804,0.8095781071835804,0.443557582668187,0.443557582668187,0.3238312428734322,0.3238312428734322
Winter Peak,0.0,0.0,0.0,0.0,0.0,0.0,0.0,0.0,0.0,0.0,0.0,0.0,0.0,0.0,0.0,0.0,0.0,0.0,0.0,0.0,0.0,0.0,0.0,0.0
