solar pv,Hour0,Hour1,Hour2,Hour3,Hour4,Hour5,Hour6,Hour7,Hour8,Hour9,Hour10,Hour11,Hour12,Hour13,Hour14,Hour15,Hour16,Hour17,Hour18,Hour19,Hour20,Hour21,Hour22,Hour23
Winter,0,0,0,0.0,0.0,0.0,0.00974784488516093,0.15985822189559304,0.30745925269796387,0.32312121909485886,0.3032984564213495,0.2981296321808132,0.31629022108402505,0.33639716185374674,0.2691273808145668,0.08132319217449714,0.003597801935062148,0.0,0.0,0,0,0,0,0
Spring,0,0,0,0.0,0.020569924936314637,0.1299373456006154,0.3205546409568384,0.44513025224750385,0.4884227686832353,0.5082219858376986,0.5094511318691,0.5004019594649458,0.49563818808919097,0.4827554088735855,0.45687690188813807,0.3950475344923554,0.23662057709363984,0.060679949755607726,1.3288065204337617e-05,0,0,0,0,0
Summer,0,0,0,8.431048267579729e-05,0.0597761322171403,0.24870187214648942,0.435105323469121,0.515881791746091,0.5480602926340202,0.562400100562462,0.5514959448030591,0.5397205807226726,0.5377182067591225,0.5338820797973736,0.5059682841581284,0.46002609697337554,0.35816498215389947,0.16882471568472782,0.011107906092536294,0,0,0,0,0
Fall,0,0,0,0.0,3.006152456063264e-05,0.03478118391665198,0.21213415831619753,0.3597061823843435,0.3940264229243989,0.3971027189377702,0.394116607498081,0.3929341875320292,0.39201230077883653,0.39169164451685645,0.3754684417623017,0.2730287865678525,0.08704815461940524,0.0001302666064294081,0.0,0,0,0,0,0
Summer Peak,0,0,0,0.0,0.011613768988591077,0.04095381695976854,0.12041644688170747,0.2500016587544079,0.18276404882045957,0.1772627898258638,0.35146932465472996,0.5085608315004093,0.5458471424637806,0.5067270785022108,0.4798320345286313,0.4657732615424422,0.26283792974179804,0.0843526379171352,0.0,0,0,0,0,0
Winter Peak,0,0,0,0.0,0.0,0.0,0.0,0.07151636692974504,0.16809402483487085,0.1589252598438779,0.161370263841476,0.16075901284207647,0.13386396886849714,0.15220149885048306,0.10085641490092251,0.0,0.0,0.0,0.0,0,0,0,0,0
